Filename,Run Count,Last Run Date
"F:\FileHistory\jimmy\DESKTOP-MSI\Data\C\Users\jimmy\source\repos\jimbrig\jimsdots\gitkraken\service\github\forks\powdocs-35511b1bc6f9bd9f3426a4d885829b11 (2021_09_06 22_44_20 UTC)",2,132805471343256174
"F:\FileHistory\jimmy\DESKTOP-MSI\Data\C\Users\jimmy\Dev\docs\obsidian\Engineered-Knowledge",1,132805484245880479
"F:\FileHistory\jimmy\DESKTOP-MSI\Data\C\Users\jimmy\Dev\obsidian\Engineered-Knowledge",1,132805481851071946
"F:\GitHub-Repo-Backup\2021-09-06\Engineered-Knowledge.git",1,132805481781171168
"F:\User\Dev\.temp\pow.temp\powwaterr",1,132805476102026751
"F:\User\Dev\.temp\pow.temp\powwater-tychobra",1,132805475582162875
"C:\Users\jimmy\Dev\system\secrets.txt",1,132802828409691518
"C:\Users\jimmy\.dotfiles\gitkraken\.gitkraken\profiles\b62e5beaf0e743dbb668768b79e158d7\azureDevops",1,132802828259913008
"C:\Users\jimmy\OneDrive\4-Archives\Archived-System\Configurations\.config\.dotfiles\.secrets",1,132801108086508383
"C:\Users\jimmy\Dev\jimbrig\PowerShell\Profile\completions\s-search.ps1",1,132796029257015961
"C:\Users\jimmy\Dev\inbox\s-search",1,132796028868054525
